Sample,Pquery,Multiplicity,"LWR 1","LWR 2","LWR 3","LWR 4","LWR 5"
epa_result,8aa95fc175eff147106661562d46445284d76c1e;size=175,1,0.546328,0.165714,0.140407,0.0547665,0.0440347
epa_result,5bde025bcf690ae39c34ce121049b2f07400c933;size=18,1,0.603655,0.258022,0.038334,0.0307099,0.0193419
epa_result,8a77bb138dfffc8ce103638bae7a24251906172c;size=49,1,0.220339,0.210798,0.210149,0.131703,0.131541
epa_result,2632e1df0a35a009ca06241e88f6571afcc297de;size=25,1,0.358763,0.164345,0.125387,0.119731,0.118213
epa_result,9e5346e6159c71ec547d50e81996320f53d672a6;size=271,1,0.20813,0.207172,0.195508,0.133625,0.132139
epa_result,1051d240e082ee3abd2d01387f55a3ef5ab2a1c9;size=42,1,0.419573,0.113546,0.113349,0.0871181,0.0850289
epa_result,ee3f0d48c0e73bc5d47ffa7b1fdc2b3876847c6e;size=176,1,0.551127,0.247008,0.157433,0.0220409,0.0219687
epa_result,274a5ba3600973f92abfdc200e87f3b3dbdad14e;size=21,1,0.464748,0.306013,0.139765,0.0226889,0.0142364
epa_result,505ca3ddc3c666e001c64f3f71cbb1dd3dbf9b86;size=818,1,0.25799,0.179175,0.174576,0.102768,0.101638
epa_result,816685f4d238fb3ecb01b29c809eeff606c567be;size=570,1,0.689149,0.146045,0.145911,0.0188748,0
epa_result,45c8ae624737be572603012f89625e3ed4b03949;size=320,1,0.549761,0.18209,0.0783787,0.0782594,0.0485528
epa_result,5faebba3f6aa9994ab89a8d3ee517c7204eef0eb;size=563,1,0.497616,0.229735,0.190095,0.0288811,0.0286134
epa_result,2f74f204bd766fadfbf34c0912f9d9f73e3046f5;size=10,1,0.375941,0.14656,0.134486,0.134129,0.11051
epa_result,e823fb81d263ce8786e75badb0f0f44bc52e5e6e;size=287,1,0.460373,0.166673,0.153153,0.145938,0.0604304
epa_result,917f8e4d42497b62d8894773aaf4e1f78033eb04;size=292,1,0.453502,0.377847,0.165604,0,0
epa_result,642d6d45bc1d6b1a0e5cf9a70b83caeb0b778b3c;size=18,1,0.5016,0.498352,0,0,0
epa_result,e353d373bf2b7eeae70bdf391afa46ec77a299a6;size=42,1,0.643826,0.178215,0.177948,0,0
epa_result,e1feb63213dca664d7d1b14d97877930a5d6b3ee;size=20,1,0.345425,0.183076,0.182816,0.163196,0.0918867
epa_result,7608bd188f994f14eb8f9bd9bf223dfe6e391e5d;size=959,1,0.405855,0.405613,0.167015,0.0108859,0.0106217
epa_result,862fcbccd4fdbf868fbf8e1e1f8b6692e1acde1e;size=49,1,0.384883,0.383884,0.216118,0,0
epa_result,cdf5465bf98f09ec8fa510c35f65b3172b9b6caf;size=13,1,0.43133,0.429029,0.103271,0.0183395,0.0178165
epa_result,2cab0e1a84161ef0aa3ba4a4979deee271d15b0e;size=14,1,0.454095,0.165288,0.143754,0.133293,0.0605631
epa_result,78d4b38e66a3167d8f4a27d53c25835a934b527e;size=130,1,0.411156,0.410714,0.143084,0.0136928,0.0133676
epa_result,46ca3819d725c14b32f527cec04d2dc48342d9ff;size=13,1,0.450824,0.254218,0.1312,0.130876,0.0156029
epa_result,5a6563eb1a4f33b5ca9eeabb8249481789dec07f;size=237,1,0.509354,0.338719,0.113256,0.0124423,0.0116983
epa_result,132bd78aaf1b823d9ee02c431458be72e560bf47;size=693,1,0.375671,0.375112,0.229266,0.0100704,0
epa_result,743f123a30a0ba254bc2e83c21c1dbdd7a3ae1d6;size=136,1,0.536401,0.201702,0.115117,0.114823,0.0132431
epa_result,2362b3add85a925c97e405e3adf2f6bcec062882;size=232,1,0.647823,0.220869,0.130026,0,0
epa_result,64ae9637fc5999fe1b861c3c9294b0c8250a6e61;size=34,1,0.534034,0.173088,0.0979677,0.0702639,0.0611387
epa_result,d61c169096e3f2ce581b2949e6dbbea5cc4a3138;size=153,1,0.219293,0.16657,0.160959,0.0937332,0.0863193
epa_result,a78daf64e2cb0246529a465248eda11e1bf6a9cd;size=12,1,0.386977,0.256868,0.225717,0.0523258,0.0409899
epa_result,a22779516cfd0fc69fd7f52da2fceaa29c6eb4ec;size=59,1,0.323313,0.319528,0.178966,0.0373541,0.0256799
epa_result,6fae17392f1d5a0b34531a932d38b3ad4dc2219c;size=209,1,0.482505,0.157216,0.11883,0.0502165,0.0466811
epa_result,22ad0440cbee1b7b9b7ea270c9443361f4fc0434;size=99,1,0.246926,0.199191,0.153308,0.118942,0.118454
epa_result,a9632e81948668d79830d7240ef1367f8aecbd45;size=103,1,0.230796,0.141479,0.12863,0.128191,0.109461
epa_result,1e8be3fa8da58ff9bfd1ad4e72ffe69f98896d8f;size=31,1,0.460205,0.178059,0.157696,0.155521,0.0216646
epa_result,9042ff62c315143f98d82b0b2483da272cb8a5e8;size=10,1,0.446863,0.170156,0.167375,0.162976,0.0196392
epa_result,446a2b6f8fa8f97c4a06bf6ae5895a388c276f90;size=59,1,0.653452,0.155326,0.137841,0.0396434,0
epa_result,892dedc0e31e8e33900196d682d437ff463e7ec6;size=19,1,0.279327,0.164887,0.152312,0.151608,0.0848755
epa_result,e60f4465b1fabddcc1f524bf96f2d33f25c8c2ce;size=43,1,0.672858,0.151406,0.0528637,0.0249692,0.0240506
epa_result,1efa804760d46214f8a8f55730ba5fb5e42461a5;size=21,1,0.286907,0.285581,0.244334,0.0668767,0.0371964
epa_result,9cc1b4bdd8b9dc348003aed8e8419e94d7926d7c;size=11,1,0.377856,0.18369,0.17493,0.169041,0.0643055
epa_result,085dddfd7cc905ca5f9eb66d44cb743e74ffed55;size=11,1,0.342317,0.28236,0.120626,0.0581545,0.0521613
epa_result,46daedbb558e98665117f166a5fe90344765627f;size=85,1,0.47609,0.463504,0.0233285,0.021026,0
epa_result,f2a5affc79c9ef8263609e46f023825b7fd7c197;size=33,1,0.269199,0.209134,0.148304,0.124194,0.123771
epa_result,e5e07fdba41c471e2ae39c6bcc1558cfa7c91c60;size=16,1,0.409692,0.272343,0.22408,0.027462,0.0233193
epa_result,55f0c374ef49d8100131a0ddf5496716007bb0dd;size=129,1,0.32895,0.213078,0.148362,0.0995153,0.0994025
epa_result,b5c019f8c13dfbdf18f79db58ef13144c70740a1;size=40,1,0.44862,0.444137,0.104871,0,0
epa_result,38685082f5d25d2b698333ccfc7af9d9ad9c30a2;size=103,1,0.475846,0.387977,0.0507448,0.0324074,0.0231077
epa_result,20ab7c1b626200408fd8aa477eaf59e1650c237b;size=30,1,0.632215,0.184722,0.182387,0,0
epa_result,2e2f6860ef0c78789ac553299eea0bcbd7bc84bc;size=22,1,0.386273,0.30944,0.291015,0,0
epa_result,0712509f008bff10fcf1fcda17607fc88c6ca0b6;size=61,1,0.688567,0.190603,0.0730491,0.0237692,0.02354
epa_result,585cc9653a44581e9d50d59f65f26f176928ef2d;size=13,1,0.376276,0.226368,0.223365,0.120784,0.0392875
epa_result,049f67a580bb426ab1440bd15bfb23e8edad1e9d;size=14,1,0.29791,0.223453,0.130512,0.110834,0.110487
epa_result,e6c7d8e3f532535302581ab9e9da05df442b13f5;size=74,1,0.483228,0.115088,0.0951164,0.0922884,0.073737
epa_result,111708e0c6d5ea987b7d897cfa1245d2257043f5;size=83,1,0.389238,0.380588,0.22986,0,0
epa_result,e114e0836807ff87ad2b2f4406df5184a829a2d2;size=12,1,0.613876,0.185082,0.125247,0.0383326,0.0368017
epa_result,c04746aab939bc83b8648c7e708505d1b221d11a;size=271,1,0.315572,0.204445,0.150123,0.129923,0.0911005
epa_result,04fd0c8410393203cb37441b060bec5cf3e21aab;size=124,1,0.494353,0.309494,0.0836363,0.0468672,0.0168769
epa_result,caa0d1be61681354f2bab74cb86eb2fcd9a8fecb;size=22,1,0.470745,0.355377,0.11851,0.0269833,0.0185209
epa_result,50161eb3a9c79391ce2b48468e51153e3d364910;size=19,1,0.670309,0.154184,0.139182,0.0314188,0
epa_result,8c0d335f0e718eebadd45a693dec3885fb451c66;size=14,1,0.496941,0.45114,0.0519174,0,0
epa_result,19c3ba39ae0ac5e93005557f8004d53063edca8c;size=72,1,0.521884,0.324329,0.0549962,0.0378742,0.0296338
epa_result,6d8aa95d2f5131351eb8fd2e32d8a6f424755f27;size=31,1,0.251824,0.207655,0.171344,0.0739561,0.0523038
epa_result,54d7a8a1c69eb8ec2da9e981ecc89e4cf1eb55fa;size=153,1,0.559812,0.35365,0.0371437,0.0246948,0.0245902
epa_result,0e0b75bac57466fd4123047a258fa8fa4725f60c;size=19,1,0.50681,0.126809,0.0970563,0.0958511,0.0514187
epa_result,0e39f505083f66b9ba4bc1f5f781ab125f8477d3;size=45,1,0.246593,0.209586,0.209045,0.208555,0.0497055
epa_result,e9dd11c9695b50056f8b66e1ce2c5074e56a50d8;size=245,1,0.314231,0.310185,0.14853,0.0783754,0.0625475
epa_result,d49b5dffe269d205d236d1875c41fe76dbc169ac;size=95,1,0.238669,0.212044,0.21116,0.206767,0.0638619
epa_result,69bd6ed571482ceb70d8f986a51a3447b0292892;size=119,1,0.366237,0.360263,0.173562,0.0343791,0.027009
epa_result,cb40839bb60befdd6a4516c1442d9249d9316bc0;size=10,1,0.216305,0.148044,0.118333,0.111451,0.0688679
epa_result,c4da0aeba4e81f27510709bb77faa5af07460a32;size=384,1,0.36999,0.192416,0.192355,0.189239,0.0452742
epa_result,66224a69ec6f5f3d8bd5c7198bdcdc88883d45d2;size=25,1,0.478324,0.270214,0.207525,0.0148154,0.0147475
epa_result,a54bd3d51a9c9885578c71f3be1228bf48379f5e;size=579,1,0.294946,0.221685,0.221623,0.197395,0.054062
epa_result,1c34fdf281736217b734c524c096d50d0ef52a80;size=20,1,0.379947,0.378484,0.223884,0,0
epa_result,d3a754c6f5a8583734f4632ea35fce2904de7752;size=83,1,0.571373,0.133574,0.130648,0.102152,0.0213326
epa_result,84235b87c524a0c6376de61675e4a3872c62e4fb;size=1587,1,0.675504,0.104237,0.102924,0.101762,0.0153849
epa_result,012e131ca47f72f41cf1e1637de84d6fa84c01a2;size=30,1,0.460272,0.366728,0.108234,0.0428474,0.0216844
epa_result,d529c2132c45b18cffdcd24fd880e3bda2a61bb2;size=15,1,0.648158,0.120062,0.0647313,0.0544899,0.0544523
epa_result,0b7014b2b55e6fd4eaf4d10b7a1a7c5d80563550;size=14,1,0.522197,0.267013,0.0709315,0.0707019,0.069143
epa_result,d4f2887316bfa9b5a0fff9703df7ef8264878bef;size=1607,1,0.349617,0.348066,0.101628,0.085232,0.0524326
epa_result,b2c61634dc2915fceb406fa91a8a76a582d73751;size=11,1,0.473915,0.466259,0.0321874,0.0268026,0
epa_result,5eed1ce246b76ee21c9a2be98ddfe25d5caeaa99;size=454,1,0.449133,0.230064,0.227032,0.0937663,0
epa_result,e73b5acaea0348a2d289235e2d40ce2d114ec2d4;size=154,1,0.417258,0.41385,0.166671,0,0
epa_result,c0ee05a51c4c7b53c3871a898a1685ceae0232cb;size=15,1,0.419686,0.414102,0.15654,0,0
epa_result,850859d78acc3eda25cb282457af71d04f08b09d;size=261,1,0.442686,0.434688,0.116298,0,0
epa_result,5a09367e9587fe528d9cc3b82d108fdee3e28028;size=212,1,0.48732,0.455992,0.0532993,0,0
epa_result,b4ac521dda3fada3f64dd1aec53b9a60c0c5bbff;size=13,1,0.403978,0.403298,0.192527,0,0
epa_result,a5a642dd4be171e7cc3861d8cf2f2e3f813a5923;size=25,1,0.452428,0.443685,0.103558,0,0
epa_result,fff550575a912bebb9bcec21170d8c202b7bbe41;size=36,1,0.271751,0.270889,0.25584,0.0966628,0.0773118
epa_result,97f3418d80c7f2991c2db87c3953140c4a16422d;size=56,1,0.677885,0.160609,0.159473,0,0
epa_result,ad1ba0ee0148f29704af0e39e414661704673cda;size=57,1,0.417916,0.41751,0.164421,0,0
epa_result,49900b404d5a47e2de19cc1a0c8f4151d9493bd0;size=181,1,0.335188,0.334773,0.330039,0,0
epa_result,abd0368501db5d22a436a4329ecffceaf47d02d6;size=19,1,0.392515,0.388806,0.184295,0.0319518,0
epa_result,dccbef96744f6541a173d9e9e43cc7f9149f1c29;size=18,1,0.40113,0.394854,0.203946,0,0
epa_result,4f84c2c0855c15ae005994561c826af44be085cf;size=35,1,0.338714,0.336275,0.318783,0,0
epa_result,308335d6ef049e1a3242fea8fa937b4ab2d998c4;size=374,1,0.534063,0.128806,0.121012,0.0673795,0.0672344
epa_result,99cb4e0c2252e0fb3fde105a4da0f1d25056200b;size=64,1,0.600636,0.184494,0.17013,0.0439228,0
epa_result,e73d6ab02142c9353b362d9d15d45f9b0a8db17a;size=11,1,0.338831,0.333484,0.325806,0,0
epa_result,6909fc4caed1c2b625cc54665e1457df49ab3341;size=699,1,0.310127,0.310089,0.305563,0.0742207,0
epa_result,6d943dca556909431f7abafbb2477bc2ec92321a;size=14,1,0.378128,0.37471,0.237073,0,0
epa_result,fe3c5581c77496ae877aa54fa5b4ba91875858c6;size=13,1,0.497366,0.48896,0,0,0
epa_result,de501251b7583fefee3a8914cf05a367d6c5cc24;size=284,1,0.424046,0.422603,0.15333,0,0
epa_result,316ba034a2768d171b5412fd05d8440f768a715c;size=514,1,0.426312,0.425499,0.147904,0,0
epa_result,30a63c1ac06794a986d351b6e881661e53323ba1;size=91,1,0.14777,0.146731,0.146144,0.130632,0.129172
epa_result,7ffdb932ac58524dbc11238b226cb0499edceeff;size=11,1,0.557568,0.190566,0.058773,0.0488337,0.0486971
epa_result,274e064ce6cddd24701be5ae377357458f23e250;size=48,1,0.261568,0.254949,0.184789,0.13041,0.0638043
epa_result,a8e9838470f71682192dfe30ea37b448343a6a93;size=203,1,0.342573,0.255478,0.186481,0.112143,0.0799666
epa_result,0e66d61088d6e5df91f4e2cc2ba4fe1f0c819c66;size=153,1,0.254333,0.225034,0.141399,0.0936659,0.0926796
epa_result,c349b3d52067644002864597dc67cdf569c07c88;size=10,1,0.442816,0.202781,0.105388,0.094353,0.0757759
epa_result,44ec05b27b0a043842e84042caec52c4b6666115;size=108,1,0.331848,0.3303,0.237605,0.0300547,0.0296699
epa_result,6c394e33b5ea990d2c2da2ac14c9e13ae48d47e1;size=11,1,0.546658,0.121986,0.121537,0.113095,0.0301758
epa_result,3a8cd201bb3d9cc04b8bb8c75ed5c6b6103ef4fd;size=73,1,0.178223,0.167817,0.165554,0.132158,0.104228
epa_result,89fcd7cb9ea9686ed3e5a5e774f2d9f19f2ab8a3;size=37,1,0.317635,0.312375,0.274384,0.0360335,0.0201163
epa_result,b9a39c06f12873ebf2666a175bd6d588da29195e;size=11,1,0.386829,0.13573,0.133595,0.130455,0.129795
epa_result,0019f2558fe02becc74ddd9075565db2341cdb2d;size=52,1,0.329906,0.329408,0.326625,0,0
epa_result,0e6d1db5e3b3cded5e791448962a5e9f60f1cc5a;size=114,1,0.409511,0.40775,0.169863,0.0100745,0
epa_result,04338f8afb0537de11e6732f209f5432e03cc3bf;size=250,1,0.537491,0.166325,0.147728,0.147324,0
epa_result,d57c6c45eb8ee0868d340c6ba956e660d5b24576;size=188,1,0.310834,0.310239,0.308216,0.0353888,0.0353227
epa_result,4115e142a99d77e709d7553dd53923f9b3ac92f4;size=209,1,0.545547,0.149519,0.149383,0.0777871,0.077763
epa_result,b15d3426b19cc1bdacdf7913466c948c3b359539;size=16,1,0.248819,0.215294,0.2151,0.201897,0.0782601
epa_result,98522683e37f46852fa4ad4143fa3626b5e7b538;size=248,1,0.360102,0.359502,0.111287,0.0947938,0.0743154
epa_result,e73d65e84bd7eeee22b621548bd7ad9f369da2b5;size=13,1,0.489319,0.28076,0.159889,0.0236748,0.023589
epa_result,3fe99f28ec69defa1fb5113bd1ebde7b36d1b6a5;size=94,1,0.292228,0.27806,0.142481,0.142061,0.135415
epa_result,0040cf83740ed5970060ed581d8c682edfb1c34c;size=19,1,0.521602,0.409803,0.0237143,0.0176499,0.0176009
epa_result,2668a86d5142f32e0e4c45c8c47f5b189b20e6d2;size=42,1,0.50841,0.44889,0.0159635,0,0
epa_result,b95eacad2d5c9e289490b2506dfb960419cb32b4;size=91,1,0.615289,0.195174,0.167177,0.0173633,0
epa_result,8fdbaf0d9ed040866f1f74e8ec37b31be2866b38;size=970,1,0.404519,0.159077,0.159053,0.138688,0.138663
epa_result,5dcadfdb40a9731210a53946916251d7400f5f2d;size=20,1,0.321997,0.258052,0.227718,0.146917,0.0435641
epa_result,18bba9fc96d41d642f51bb301383ff8472ba59be;size=86,1,0.497127,0.210269,0.155744,0.0505191,0.050399
epa_result,eebb786933763ea8e4993036edc426086c6aad68;size=80,1,0.327291,0.170521,0.168896,0.167634,0.165658
epa_result,4bda11dd029c37b90c3aff8d2d3ba575736c72c2;size=97,1,0.551164,0.209369,0.209218,0.015145,0.0151038
epa_result,9a763cb0214d1108ee05c581c4eb15d58fb3ac2f;size=12,1,0.647571,0.195747,0.0786277,0.0779572,0
epa_result,1671bf7afa305062f1ae65e8f8a14d0da4bdb4e8;size=20,1,0.380203,0.272848,0.272676,0.0666214,0
epa_result,51d39505110e79845841d5bee8b80c7f03e1971f;size=18,1,0.2809,0.280417,0.244932,0.108997,0.0795554
epa_result,3fd4ad7af760d4b30d7db52472c1be6480bf292f;size=39,1,0.529024,0.310956,0.155362,0,0
epa_result,20ed71afb15df3d1a2c60b4de9c6d2d5c0993e61;size=258,1,0.535372,0.329806,0.106094,0.0208185,0
epa_result,da9be595fb3f7803ee220261ca7f5bd9be45a720;size=19,1,0.526048,0.462583,0.0104545,0,0
epa_result,a657733bb06633982e037f702ca24ff5855bfd85;size=55,1,0.23163,0.229551,0.206981,0.206655,0.115257
epa_result,8ddccea4467c1bfc6bfd4b9e0fb120067faf3287;size=17,1,0.442612,0.319558,0.199611,0.0347813,0
epa_result,95809f485c4338368f6e9d0ea2753b943a0260c0;size=74,1,0.458701,0.411629,0.043969,0.0371417,0.0370215
epa_result,d032d267b37e3b6572e9a40362151fbff1cc08a9;size=36,1,0.645323,0.17801,0.17666,0,0
epa_result,8cb41f8d4be742ee5dfd7a609ca3e16fca88587f;size=33,1,0.505799,0.226785,0.210955,0.0553746,0
epa_result,be53f85ca28429b3aed6c77f7e0b86b1d6e82596;size=16,1,0.427108,0.146117,0.145742,0.140522,0.140511
epa_result,9b880e5c543429c9efa8c64c91aeb7edad3455bb;size=971,1,0.356232,0.230822,0.230777,0.182169,0
epa_result,cbb17d7e7bf24eb647f7569378bfc9e0cda2d028;size=10,1,0.30548,0.235456,0.180555,0.12712,0.126853
epa_result,0ee5cb137c3a8cc22f8b1aebebc2461687d3497d;size=539,1,0.352526,0.144502,0.144494,0.131633,0.131116
epa_result,aa53253d6965f223c389151bc228c1c5e70bb9a1;size=23,1,0.513011,0.220214,0.138947,0.0785465,0.036826
epa_result,243d02dbecd0c8e3997c46f336e67fde43ee8ab3;size=11,1,0.664384,0.128947,0.0598771,0.0597903,0.0435082
epa_result,1ac1af173a27042d091863658e45307b6137fbce;size=237,1,0.324873,0.249529,0.246787,0.169176,0
epa_result,e1d33bed3cbcf1251767a03ff9fde6cab60e5768;size=100,1,0.374674,0.17294,0.168651,0.0949959,0.0944449
epa_result,c981629f0ca3a5fa4901947c96c4177b9b3c5af9;size=60,1,0.487366,0.0979227,0.0912754,0.0910676,0.0910321
epa_result,3a96a1cb13f1b3d96a0f89b9169fbee3bd6cb5af;size=137,1,0.548175,0.327625,0.053577,0.0286804,0.0286556
epa_result,2f819d4e09db76cfc2f7fed67c15a2548c9b4849;size=24,1,0.351852,0.311845,0.127592,0.0852397,0.0830819
epa_result,024333252de1e149800942222080eaeedf29cbcd;size=13,1,0.29193,0.111836,0.11182,0.111587,0.111065
epa_result,ff0e399135473cd6d8e0539c9b38bb1900b02d36;size=1520,1,0.155594,0.129602,0.129515,0.0977378,0.084185
epa_result,2b0381e43a264fdbf82f21db19a7a36ce45eeec1;size=48,1,0.239484,0.223229,0.145651,0.112562,0.111845
epa_result,32060cf92e16ab842d712deba3a6e27ce33f74b6;size=178,1,0.603679,0.314811,0.0394963,0.0325946,0
epa_result,f5e299e75df9170c30f777ac4003a24f17093c32;size=48,1,0.558552,0.135483,0.072209,0.0677316,0.0368092
epa_result,98cdfb5207269e30619c8ca68ce86573c02c5d89;size=10,1,0.286493,0.212088,0.209638,0.168424,0.0411004
epa_result,72178153807f76d0c1a8d6df15e73481483d2ca4;size=10,1,0.282866,0.266557,0.180085,0.0903033,0.0764673
epa_result,cb361c2ebfe48d1eaa465e476bf789fb8b60062c;size=46,1,0.254237,0.202131,0.20019,0.108252,0.103429
epa_result,b2de1e365935ab448211ad32e0637a6e87333cb4;size=123,1,0.423778,0.288759,0.287463,0,0
epa_result,f72f9ecd9e2dc42ea6d30619451dd88e9e54d178;size=156,1,0.303927,0.302652,0.196722,0.119719,0.0489963
epa_result,53d9da53915f3d1cb401eb6ee4206baed615fee1;size=23,1,0.438015,0.134897,0.112266,0.111932,0.0849573
epa_result,00baf987afa67dd2cbf1617c3a5bd6c15b91683c;size=211,1,0.551173,0.17603,0.137733,0.0998537,0.0114945
epa_result,ab06bd3c13fa01058fee706abec51d5a1715ca5a;size=78,1,0.520331,0.297124,0.172403,0,0
epa_result,9457f6083911381cbb4d41d5a6ff2e0105c0aab4;size=167,1,0.481871,0.382897,0.0958272,0.039086,0
epa_result,b9377dec7f19f0f38fcf9432307467ff8640563e;size=39,1,0.398455,0.329129,0.176556,0.0632118,0.0229441
epa_result,e9c3201ca357c83c10b72744fa086da977b47ad9;size=147,1,0.472071,0.205006,0.0994243,0.0968184,0.053051
epa_result,06bf20362abae219d949ff93866606a99cb43433;size=69,1,0.484204,0.272821,0.192868,0.0495851,0
epa_result,1857d25d3ac788902b27534c72a5111b66e00345;size=18,1,0.50668,0.199385,0.176777,0.0998245,0
epa_result,9cb32275405ab7067ca0f7d3acc4c7f3e93b2d22;size=109,1,0.356094,0.312146,0.0997767,0.0847006,0.0776193
epa_result,9c1c0f1d1bbfa6245517aedcdf642a68f2a292c5;size=297,1,0.555122,0.261017,0.152215,0.0110189,0
epa_result,84c4f69133ec3389c98d1ba1432ba09f437d27de;size=30,1,0.229572,0.207438,0.171585,0.167982,0.0853935
epa_result,8ded601093f7e4513090b829e8286d5f1a2580d6;size=86,1,0.393478,0.264118,0.211587,0.0910544,0.0378907
epa_result,2368709f89b01022f959a26cf06b6af4c22099e3;size=14,1,0.326108,0.320893,0.163243,0.125467,0.062285
epa_result,410770c220b5b25b570a17f9e0851a84cd7ff2a5;size=46,1,0.377834,0.301534,0.300244,0.0175032,0
epa_result,e17bba4b81ff47a97bef91ad63f8066956b9d6c6;size=18,1,0.345215,0.334301,0.129582,0.119569,0.0322569
epa_result,287d4b48876b61cfe73d3b7e2623459d0da4c243;size=31,1,0.371175,0.305424,0.0960259,0.0886653,0.0627413
epa_result,aeec015be2a3d2e01bf452b4b9f9e66e48887750;size=23,1,0.40142,0.399595,0.175629,0.0203439,0
epa_result,2ecfe82dbd027b188c0c626d232a70bfcd5cba9b;size=36,1,0.441139,0.428183,0.094452,0.0297019,0
epa_result,ca0696bca8ab6e2d40f77ffb635a3ad6ba139453;size=419,1,0.633903,0.182686,0.15289,0.0216364,0
epa_result,eb7c956e117000d6606e9b1e85c2e576449bc524;size=67,1,0.52641,0.113238,0.093856,0.0901056,0.080044
epa_result,00b9298e7c634ddb67af2f25b4ac431a76ac9a2a;size=1510,1,0.352766,0.315191,0.208949,0.0751474,0.0442627
epa_result,1b9c274b77803728ab64358a2c7ca395aa559c57;size=29,1,0.530293,0.428321,0.0412797,0,0
epa_result,79c25903ea97cc2c06bcbbf352ca61174582e271;size=278,1,0.454336,0.378498,0.11993,0.0375943,0
epa_result,f015b9faafd497638881c35ccd8f3a9eacd483ad;size=12,1,0.350056,0.211113,0.191347,0.170144,0.0428776
epa_result,3c7e6c2c695228f40d99697d45562a84a42e60e3;size=13,1,0.456755,0.455908,0.0624724,0.0185032,0
epa_result,7aff52bda04d958932112fe5e4d79bde04002058;size=530,1,0.251492,0.220176,0.199693,0.1633,0.0701343
epa_result,d6499d549999b7340234111abc271026f806a888;size=51,1,0.396324,0.392592,0.189668,0.0186008,0
epa_result,c7327bac0aed5c5c3767fb3916d514e0b079deb4;size=774,1,0.3217,0.291697,0.203302,0.0931299,0.0747016
epa_result,297e081b77377b70c9a4bc0864966cc85b7ec619;size=42,1,0.615787,0.209339,0.151973,0.0137063,0
epa_result,e77a6e76b6a10cd1ace5169df9e926e1b4cbf84f;size=624,1,0.385408,0.276887,0.227352,0.0300142,0.0293191
epa_result,39d51a5090cc1bb6b01babed86ced7233c9dfee4;size=12,1,0.309074,0.270273,0.222315,0.0871581,0.0852772
epa_result,3c3d4dde7c380a69766095478e199065c81a88b6;size=39,1,0.518659,0.120745,0.120384,0.101814,0.085209
epa_result,ad26d2f4f87e2ab701bbe1e9a28042bcd05dfe24;size=50,1,0.366744,0.306027,0.198413,0.0529038,0.0528616
epa_result,0d1eb023f0bd6176fd82858d52cf7d3684f4e062;size=15,1,0.660205,0.223144,0.102867,0.0112923,0
epa_result,52f3e694288368f048e3713f45794fe0af8d20c2;size=45,1,0.558487,0.210314,0.153734,0.0684213,0
epa_result,208a1eaad7d16c0cabe20b1abe722c3ad033b006;size=127,1,0.209019,0.162627,0.15776,0.11498,0.113672
epa_result,f1a772dbab97422626f8b03a2b13adca1ffdd293;size=21,1,0.369908,0.299585,0.298646,0.0158668,0.0158185
epa_result,a421c7ecde05d8efa72167a3d3edf21d5e3d2900;size=248,1,0.673945,0.281252,0.0152765,0.013423,0.0125282
epa_result,03ea2d6c73d0a1b3bfccfdee3deb2479a84340c2;size=29,1,0.454542,0.352446,0.144831,0.0302744,0.0119374
epa_result,d675ab59669896a4097453b98c604c8b3c15b693;size=3248,1,0.338591,0.330726,0.330015,0,0
epa_result,78c09c4859982bdb60a19b740b4ae7ed1ea465b3;size=12,1,0.520613,0.470662,0,0,0
epa_result,168661fe693ed693f429dffc46981abaaa52b980;size=18,1,0.350991,0.28956,0.229127,0.114815,0.0135431
epa_result,1bf568e177674c83a1f7366dea63d2a81a610cb8;size=168,1,0.428719,0.427451,0.137445,0,0
epa_result,21a39d728dbe2e41e905067da96bcafc9e46a144;size=26,1,0.402855,0.378885,0.113635,0.0472806,0.0397995
epa_result,2b043b0769daa9443de5b8e5107d2347aa22115a;size=11,1,0.563662,0.293812,0.138895,0,0
epa_result,ac7c4a99b81e6fa5ec92d32f07c3eed54589e6f4;size=21,1,0.56256,0.171923,0.115568,0.111006,0.0146183
epa_result,77d4605c234d274c9e5e0d71f991d6706df7db80;size=12,1,0.680251,0.0967322,0.0743745,0.0550954,0.0394893
epa_result,0a0fc75ce8e10af3ead317891185acbbb84601f5;size=36,1,0.386323,0.300954,0.228885,0.0837945,0
epa_result,cf9a824c654872315ce86c470ab7fe55b7a984ef;size=59,1,0.486036,0.260771,0.221702,0.0141389,0
epa_result,7c4a62dfd51083a5efb8e9cae4fd4cec753ef3b2;size=18,1,0.643862,0.104744,0.100864,0.0755956,0.0738147
epa_result,0a9f45b970909c5339317a4cacf4c67b9d7a01b8;size=88,1,0.456105,0.262026,0.123709,0.0551047,0.0545711
epa_result,f37406318137629cd045009582c54fd00ae510b8;size=284,1,0.464499,0.242459,0.162427,0.0641497,0.0241507
epa_result,143819e40b62b1af91079f68133503f0b3d18c03;size=29,1,0.388055,0.226372,0.159086,0.0779127,0.0474512
epa_result,a0a08a979156542608979a897d3ec09f9c0292f7;size=66,1,0.613703,0.219129,0.142215,0.0185551,0
epa_result,b5bdb2948e62b662d52047dc7ca1f3269d16a106;size=21,1,0.391129,0.318665,0.266122,0.0188442,0
epa_result,ccba5b38826f59feb80453c5428dd16197219c25;size=13,1,0.406645,0.388869,0.201563,0,0
epa_result,327544a901cb20000b0775ae21808f2c7c01bc15;size=28,1,0.390464,0.332811,0.202107,0.0736953,0
epa_result,3a9590b154b84a706b9a65d2e7e1fd26d6e02ebc;size=31,1,0.423394,0.297994,0.211872,0.0567866,0
epa_result,1f1bcadbb5e48526948b680878139041f6c295e5;size=10,1,0.332387,0.304516,0.226338,0.132542,0
epa_result,82fb3b2b24e42f4e9ea62e59cf5a0a9a1e785ae3;size=63,1,0.342973,0.302374,0.202355,0.151851,0
epa_result,8536d5aad345c8c3711c7b1384ebee3b8283158c;size=14,1,0.379143,0.27932,0.164772,0.0915724,0.0733414
epa_result,3107d9da5be775b4e2c18eaa8b677e26871a4bd6;size=25,1,0.640982,0.172707,0.172003,0.0106596,0
epa_result,97e4a78ff57aa8347da5806cc8036e1b19cdc94c;size=15,1,0.650137,0.0813279,0.0810967,0.0552273,0.0465925
epa_result,159766c7f09be197d9b9bd704a60f8f06714efca;size=31,1,0.409093,0.310235,0.180952,0.0683876,0.029694
epa_result,0cf509ba6bf5924cf3c1e8a4d43f3f232408df59;size=43,1,0.379842,0.334849,0.124083,0.0973353,0.0630882
epa_result,dca52db9b28cccaf688bf498bdba0d63d310df25;size=18,1,0.57074,0.167634,0.132478,0.102377,0.0100067
epa_result,78a3f186c904784711b06ce289f2a35ea5a30e65;size=28,1,0.472418,0.471422,0.0500792,0,0
epa_result,86d5615ee48704ef8a61ec07417bc21bcd8ff199;size=21,1,0.411596,0.304599,0.0992113,0.0989206,0.0304303
epa_result,82d30933fbd5ecff0efe47ccffe10a8e96193c31;size=23,1,0.472652,0.468359,0.0578637,0,0
epa_result,a008cd09d0fd436c905b1e2bf674ce20982718ba;size=46,1,0.483785,0.28777,0.139474,0.0384542,0.020322
epa_result,77c6a383a001b1514f21665804674e337f5d79e7;size=22,1,0.306667,0.213303,0.167897,0.144783,0.0822828
epa_result,ce45b0f03566ecf752f5d2ca49f0a2cd271c032c;size=47,1,0.360031,0.356556,0.270691,0.011556,0
epa_result,47db807626508ff4fe8fd8553cd7898341401b88;size=12,1,0.370466,0.312809,0.200321,0.0764209,0.0277396
epa_result,dc72a0465e01f7079e89342f2f0d06a1537b289b;size=301,1,0.418831,0.182549,0.181999,0.166427,0.0489535
epa_result,31be00a602e9fef24ff5cdc7c802607e4f1df9b3;size=19,1,0.390345,0.170103,0.156255,0.0831197,0.0816084
epa_result,145167be075c058e624879b7d8486979d2b4043b;size=20,1,0.441336,0.374413,0.0946319,0.0874661,0
epa_result,1ffa8662c6b257457995deb03343e91f00a44444;size=38,1,0.285274,0.243009,0.123496,0.0911934,0.0751562
epa_result,f1c9c3bdb8022fc11bfd6459f7cab5f76b7c123d;size=27,1,0.608474,0.202726,0.0559851,0.0368973,0.0338907
epa_result,d3f0cd38cc4383469d61f365dfcf9f233e0d1041;size=111,1,0.644032,0.329387,0,0,0
epa_result,e1ed47bbb7b167154e5b4a829094b6196f29e32c;size=389,1,0.365295,0.213128,0.208676,0.0754969,0.0622088
epa_result,4255be5a64a107b7d8bdf46ec48c57c9e8ebd418;size=47,1,0.614241,0.18896,0.0731611,0.0448058,0.0414454
epa_result,83f9513c95ade4c31a142c2580e3e831bffdb0d3;size=21,1,0.311229,0.277728,0.174042,0.0975128,0.0903503
epa_result,8624050b8fb069d6191706ab327e11769d26d559;size=102,1,0.360043,0.298459,0.178771,0.159474,0
epa_result,a11a79621c61033f93c4598a1991531e88b0d6b7;size=424,1,0.347508,0.15917,0.159108,0.156981,0.137109
epa_result,c80f08b6fd93cbfe3d60a66a4ad56e56626fa743;size=38,1,0.453368,0.428975,0.11388,0,0
epa_result,8d5e454940a7029783104a73111ec6abe9a4a524;size=230,1,0.485544,0.366205,0.104893,0.0429525,0
epa_result,9256bd8a5a1ea3a38280d9937769310b0ed8279f;size=405,1,0.479587,0.303636,0.0999265,0.0569947,0.0241789
epa_result,17af1e85ade4b73a9f1544ad7ea16f1cadf4a5ee;size=35,1,0.617448,0.214364,0.0995794,0.0680529,0
epa_result,cb74a7e33991cdcac14a4e8afda963c693759279;size=98,1,0.372416,0.301618,0.295762,0.0145591,0.0130019
epa_result,aa8e7e45ecf679ed0f74fd042aa06eff55408a60;size=15,1,0.449719,0.267037,0.0991863,0.0663849,0.0553295
epa_result,70ac9367b4b4282f1da9d5ecf67fc5e9ff499e32;size=726,1,0.554457,0.158387,0.156437,0.085,0.039972
epa_result,8b9dc2234227fe2c6ae5ca8d58d8fd57e71571b5;size=23,1,0.377122,0.30775,0.133342,0.132327,0.021399
epa_result,d8d81c4d025e8b5a2dd26d68f0fa21fd7df7b5e7;size=21,1,0.320357,0.308814,0.136296,0.0605792,0.0574292
epa_result,03bbcb0eb988d5fec39bd315f6f526f4d743fd57;size=31,1,0.363911,0.260279,0.259608,0.0894843,0.0244734
epa_result,1f11b196aeb33dbb73f9dc02bb3154aee9333297;size=74,1,0.51738,0.311358,0.106696,0.0466582,0.0136372
epa_result,718ae67420b68a302e4b70bdf5d3718ee9c16ef7;size=143,1,0.388595,0.280171,0.213876,0.103367,0.0122112
epa_result,e18909368671ce955dc886879f07429356395b4a;size=823,1,0.400356,0.394764,0.183692,0.0184934,0
epa_result,85a435805502ed223a9e77d8611f6beb7ce972c8;size=122,1,0.330611,0.330178,0.323136,0.0105511,0
epa_result,dcae458a30f311145a441ad4ef9beeed75f95da1;size=42,1,0.607414,0.271751,0.0556111,0.0312516,0.0225358
epa_result,ca0965d7ae614886315df950270a34dfb3fc9329;size=15,1,0.532721,0.117083,0.103087,0.0826898,0.0705006
epa_result,5e7b505d467308c0e974531175955b4878e03dca;size=40,1,0.614496,0.328779,0.026062,0.018686,0.0111427
epa_result,9b8bb9dfafe0bb0ce88ec99647dac021ac4693e3;size=36,1,0.613739,0.21409,0.104528,0.0376847,0.0180917
epa_result,b67786565c1bde27e4e388794c10d913434c5f66;size=35,1,0.480533,0.272497,0.103029,0.102764,0.0407788
epa_result,72e5e959b49923a9914e8cebc92e4cde37c6bf79;size=14,1,0.408817,0.405482,0.175975,0,0
epa_result,5fdd4ee9dfc95b1a413cdc69b1d431bb501b8c2c;size=72,1,0.500249,0.190966,0.0999808,0.0676635,0.0502268
epa_result,bf857de76369368cdaf548eb6a77265b9f95da8b;size=230,1,0.381134,0.379271,0.217576,0,0
epa_result,14cbe79ddf130849d505366ec6d4de88b1c1c9b9;size=15,1,0.620922,0.156572,0.145441,0.0723197,0
epa_result,f383da97909e1258e6043a78cbfeda0409334bcb;size=166,1,0.505932,0.236518,0.214672,0.0225023,0.0188321
epa_result,c3bbe3fc8a3f018398203742b759c82ec4455be7;size=20,1,0.520073,0.372561,0.0942562,0.0102264,0
epa_result,02f113c728ab2a577c2314a1e5f757a7b49aff84;size=81,1,0.646836,0.121446,0.104468,0.0690549,0.0576111
epa_result,5a8219aaa3f77e29091eedc7107f7ce7824f5c28;size=12,1,0.350333,0.299165,0.275235,0.0467849,0.0231356
epa_result,2a25802b61a8c9d9fdaece8e9c625caa03f8f41a;size=49,1,0.475589,0.47203,0.0495161,0,0
epa_result,57dc2bd9562c9a2c6393d76568a5e107f8081ea8;size=19,1,0.461621,0.275184,0.138513,0.0930585,0.0279708
epa_result,d09427738a5c9b7f7f01e7331caef92c4cf0a601;size=45,1,0.216969,0.209401,0.176256,0.154039,0.137625
epa_result,209787ddca2df1272c3806cad96f17121bc1a747;size=12,1,0.468717,0.372005,0.0753459,0.0501794,0.0278741
epa_result,abe695fbfb16debca8f457abfa6fb9b8a39f1e08;size=58,1,0.636192,0.165218,0.114172,0.045323,0.018763
epa_result,511329055507afd80a3d2f36c8164e689d84d275;size=26,1,0.406753,0.237957,0.13797,0.1359,0.0401727
epa_result,f97cd8b7ef9b128ada99772d2f8565ec8bc51128;size=44,1,0.438226,0.278881,0.188052,0.0689135,0.0253391
epa_result,7160ddb46d88f940f30b56df4b3596d03bf9345e;size=225,1,0.260039,0.259578,0.256767,0.21575,0
epa_result,84da2c22d92df0d7c97980b0e328ad5d2581d743;size=12,1,0.3763,0.184867,0.134953,0.134791,0.10794
epa_result,ea86acec6e81392585936a673fd4dcbfc4a8a147;size=91,1,0.271618,0.232827,0.23068,0.162357,0.0625465
epa_result,9ddc8df6ee6b04528d4dab40978aedc85bf54be4;size=19,1,0.649224,0.202502,0.0922527,0.0298928,0.0121759
epa_result,21391fe96a76d7f60c9cd58f4c1fba11c9282d9c;size=113,1,0.498396,0.472206,0.014085,0.0122448,0
epa_result,5b0bc3a43f7994598c209be6b4a0be2293cdd1fe;size=24,1,0.4896,0.379817,0.0724062,0.0442899,0.011387
epa_result,bb47ab23a514336ea99e8853316dd2c9ca802a30;size=494,1,0.190747,0.162999,0.160688,0.136292,0.134995
epa_result,eb7c9457129d865d2bf5147162c160dcf3f0e58e;size=23,1,0.280632,0.276437,0.159033,0.0998144,0.0763628
epa_result,233188ec559e916ddc126e8555a7c819669d8509;size=17,1,0.480131,0.152229,0.152225,0.146561,0.0347757
epa_result,ca35c6a4fde6e0b60de4dfff37278c4d460c64d7;size=1630,1,0.384082,0.204673,0.204665,0.196789,0
epa_result,d4e6ab1430e32593362fb89656986ee33fd700ff;size=13,1,0.371417,0.214973,0.148157,0.146955,0.0981171
epa_result,11815dfd2b5c8654f552aa52ed1040ee63259902;size=84,1,0.633203,0.362579,0,0,0
epa_result,7901e578478a97e38ebbab92918d1ca281cff768;size=27,1,0.493802,0.480502,0.0128547,0.0128413,0
epa_result,2d3c9c7d9f729d2fe1c3f88eaa80b3fc185db905;size=3198,1,0.637961,0.266599,0.0902701,0,0
epa_result,35df8dcabfca2efb2dc547230f11a1467aa174af;size=24,1,0.346453,0.19581,0.16226,0.133286,0.133013
epa_result,e4bc52ebf7ef273d234faeaa24a88bb411cd21a6;size=72,1,0.352377,0.187619,0.166581,0.109879,0.04932
epa_result,b18d79e063617485b394f65fc70855e8fa0bd9af;size=98,1,0.316237,0.297519,0.131044,0.12346,0.120208
epa_result,b8ad193dc80b1218af10410b2531d994bddfc216;size=282,1,0.411445,0.410559,0.141887,0.0139927,0.0137045
epa_result,f12ef025a9bafb5f4918f956e4f711a98950b5b4;size=28,1,0.346899,0.317893,0.149708,0.149326,0.0173032
epa_result,98f16c879bf2946f91cd4c5686642e24bdb86ee3;size=11,1,0.541059,0.256808,0.200576,0,0
epa_result,a2820f2924165fb9bcffce4b1325c4c035aecc93;size=11,1,0.675255,0.174726,0.0373291,0.0369007,0.0328123
epa_result,ae700261183299782b68cb6c49a3b8db8cb4cc1e;size=12284,1,0.648863,0.232986,0.0626265,0.0208134,0.0173137
epa_result,ee1feb8bcf56fcda0911664916c8f3bef92d8772;size=13,1,0.674255,0.168669,0.0644977,0.0642111,0.018469
epa_result,8d3397eaaab437d4a98f323b0d2d626b10130c58;size=286,1,0.564359,0.189627,0.0574258,0.0476128,0.0474787
epa_result,c7e211b87c72d0d91ad039bffab64de273995ae6;size=15,1,0.463294,0.384658,0.152042,0,0
epa_result,3c579b6aa500cc52a1a5376e9619bafc27402d22;size=21,1,0.601094,0.19944,0.166111,0.0245268,0
epa_result,1c0c059bb7e472b76d52f3c87315fc1289ebc2b7;size=10,1,0.340211,0.198081,0.177917,0.127295,0.0888565
epa_result,700a7c681d251ee6ab12cbac6732258d148f2aec;size=33,1,0.451158,0.111643,0.104357,0.090025,0.0819087
epa_result,d15e8f007283f67b07e2e0b087139133fa47bb37;size=10,1,0.640476,0.0983412,0.0941284,0.0795232,0.0251696
epa_result,d1aa2a454c02e0d54b53fd26274f45cd06621e7f;size=29,1,0.574999,0.223242,0.175373,0.0138214,0
epa_result,f5e22f2fc300ba54acf73613549cc4c73015e8d5;size=28,1,0.620938,0.17621,0.175495,0,0
epa_result,e9a832059ad6b875b9f2b12af92767610c9e0453;size=882,1,0.302671,0.299303,0.297658,0.0472379,0.0471168
epa_result,55287a366b5a34bc615154c0805b2ffa3596d1cc;size=36,1,0.30411,0.300359,0.298965,0.0446021,0.0444926
epa_result,d484da5b2802c6d4588dfd0bf7520d82d2279e93;size=694,1,0.360322,0.251327,0.130433,0.12894,0.127999
epa_result,c2776454c75cd29667467c94f9163729a15da28c;size=16,1,0.441884,0.433498,0.0847586,0.0199621,0.0198974
epa_result,3f00f20c50db20b7e06f3e75a0fbe1a28c28d092;size=16,1,0.462325,0.454025,0.0820519,0,0
epa_result,004a36f8c51bc6347ac32c840195fb799bb9e743;size=23,1,0.458672,0.246928,0.186421,0.0594471,0.0477839
epa_result,7661f1ab87e4ffa8a00480adba9267fceb90b243;size=13,1,0.335048,0.334517,0.330432,0,0
epa_result,456390e3b1cfba783865cc8a2784746da3e1ace6;size=16,1,0.419484,0.418973,0.161226,0,0
epa_result,03fa9216b4b00dc9ee4a63cec59717162816e8cd;size=117,1,0.420702,0.420191,0.158889,0,0
epa_result,bc3b115a452bb97e7ad3f0f8763f3b4116f68a21;size=18,1,0.335017,0.33417,0.330774,0,0
epa_result,d58488c0930df0672bb13218514a148926803102;size=37,1,0.334869,0.334277,0.330854,0,0
epa_result,f289f695c54a40c424438a76d9bad86f5694ece6;size=55,1,0.419206,0.418415,0.16237,0,0
epa_result,8662c431bcebcaca7f8a4efc28ff1aaa2a5157b1;size=10,1,0.312007,0.311968,0.29673,0.0792956,0
epa_result,91243faa3100e752f0ecb02e0800b9227a8bb5a6;size=480,1,0.423248,0.345001,0.0948721,0.0751692,0.0545217
epa_result,eb55f88d6839582d86488e7d038b61d5abf6e72a;size=61,1,0.513478,0.158597,0.130788,0.122601,0.0373667
epa_result,3c9dac6161d0749730038294e96f384c2645d6c0;size=31,1,0.421318,0.270039,0.270036,0.0193507,0.0192557
epa_result,c4639843e947448f56d9018ab30b4423bd9f336b;size=15,1,0.480398,0.247509,0.246851,0.0126221,0.0126201
epa_result,d9a818779d6d5f61884294cb932e14f530853e0e;size=90,1,0.260949,0.239229,0.238551,0.192232,0.0690394
epa_result,ecd22ead4b02fb1264edb6e8dc0200443005e432;size=172,1,0.473043,0.237984,0.182742,0.0397835,0.0345403
epa_result,bcf161f85092817a43fe7e7dc426762839dd3a02;size=12,1,0.478902,0.181222,0.180925,0.0797517,0.0791995
epa_result,0a6c3456c503d924b7b6cd608a5ddd5f68fca59f;size=103,1,0.375841,0.24143,0.240599,0.0899684,0.0260963
epa_result,43b50e4df4b4e5c10ec4785db3c7d76feff11264;size=8526,1,0.437351,0.26804,0.267624,0.0201848,0
epa_result,1f1135e0be5c7bedd20fb267611f8e40af96d954;size=17,1,0.507159,0.178678,0.178481,0.0679192,0.0677623
epa_result,a74b115a8666f84c0dc7f0b61e6c5b634d2039fa;size=22,1,0.655167,0.23149,0.0567014,0.0565061,0
epa_result,1bef713477b7e7aae5ae3113344576f9359830d7;size=2428,1,0.587226,0.254173,0.0710655,0.0410382,0.0409944
epa_result,e9e3995cc4d7a5e1260b19f6644cb842d26b444d;size=23,1,0.565281,0.110664,0.110345,0.0797802,0.0795645
epa_result,f1168e86dc9f1a58939203d94ccdbacbe959b0a7;size=14,1,0.286995,0.286824,0.183494,0.139063,0.0911498
epa_result,87ca2c8e6ed2d828b8235ea3fe22df477b58da5e;size=1224,1,0.282071,0.26373,0.239645,0.0838648,0.0836996
epa_result,12016d0334f868417c10980db919465aaae5fe7e;size=49,1,0.535901,0.313528,0.105563,0.0442882,0
epa_result,2947003a5e349caf3bbd7a453930f826e6d6abea;size=45,1,0.545573,0.19203,0.0783126,0.0739316,0.073884
epa_result,0a6b8d18a1484a14c172ab08bfc9ba304f06b4ae;size=56,1,0.600664,0.386124,0,0,0
epa_result,c362b5dba9ded916a08aecc41aaaa7ec74ba7720;size=44,1,0.216738,0.202362,0.201759,0.191249,0.187892
epa_result,c65afecb2b006dde4eaf594e0abbf60df0ab9a2a;size=62,1,0.501242,0.497988,0,0,0
epa_result,cc48146436f9448ac432f42a2b582a9bc3122898;size=60,1,0.567074,0.122564,0.094631,0.0669184,0.0626231
epa_result,096adfe1756ceed86a518f719c3ea0d563ffae6e;size=16,1,0.348627,0.343682,0.151383,0.0370267,0.0253975
epa_result,5074bc8932a351657f55025ae972010419016f8f;size=17,1,0.413638,0.280984,0.100963,0.0835816,0.0796856
epa_result,8e436a18f632660b6f6cdcaa710b5fb0403a09db;size=87,1,0.432529,0.421648,0.121846,0.0188679,0
epa_result,984f36a00959d46bb82e26ee5d156f7414aa9f4c;size=78,1,0.451815,0.436869,0.108814,0,0
epa_result,3b18ee30eb39a428c524c45cd9200604f17b2b46;size=18,1,0.412677,0.333323,0.103343,0.0727133,0.0529618
epa_result,836b79b4375f6338dce1ece0732059a314410586;size=52,1,0.62521,0.0742067,0.054173,0.0512259,0.0494147
epa_result,58e0ed3c9dd342211da3fb3a906ea6dcf775d9e6;size=29,1,0.335004,0.317778,0.126164,0.118025,0.0709959
epa_result,6caf0ce16e648cddaf74a577e3c6abe9a05acfa4;size=29,1,0.474128,0.472221,0.0489203,0,0
epa_result,40f06e59b31c34162eb9bd1b193a650d8ef558dd;size=807,1,0.445779,0.212386,0.198368,0.0873022,0.0560941
epa_result,61473a4d7cc257d155dac7938191d81c670559ce;size=18,1,0.309508,0.291527,0.187878,0.137319,0.0615069
epa_result,6925f5f075f981d2bae3f359fd3da5b7dd492e58;size=185,1,0.183948,0.15118,0.143911,0.143546,0.0994884
epa_result,3cda5faa44fb44ae0aa7f57c3470e25931ff4405;size=42,1,0.343885,0.254266,0.163371,0.104522,0.0651094
epa_result,b41c5359255a7cb1b85846b3e848855277c44093;size=14,1,0.659373,0.127937,0.126331,0.0852326,0
epa_result,1514fcd7bf46d0d14639a67d12227de31e834d2d;size=32,1,0.547491,0.187444,0.146231,0.107653,0.0109827
epa_result,9e4e25ab8e93dde1e79d90348d34d567645fad54;size=24,1,0.418802,0.190494,0.130821,0.0724213,0.0693494
epa_result,278161b3b84ae6abded32ad1f33005adbc89705c;size=14,1,0.516695,0.2735,0.0751565,0.0531378,0.0270506
epa_result,99ce0fa8fcfcc40e91234578721ad8b57fe37abf;size=75,1,0.48297,0.335147,0.117607,0.0633954,0
epa_result,4084a258aa91708a0a4eeb9bc9d88105fbdd9345;size=129,1,0.593107,0.222588,0.0758901,0.032029,0.0280394
epa_result,f13554621faaa070bca0d70a46a536e94a850ae2;size=212,1,0.422647,0.293548,0.126356,0.0860735,0.0374065
epa_result,b51e957ccbcb4083a02148f7ca62489cb2f4f9e2;size=15,1,0.301012,0.288498,0.233584,0.114831,0.0599932
epa_result,b84b132febcc5b72392af0b73167ad263dd3b8f9;size=281,1,0.394105,0.277343,0.276552,0.0375151,0.0138979
epa_result,d6943abd93a8296dfc7d8f56628d5688c6b38d58;size=156,1,0.410622,0.351118,0.191144,0.0373832,0
epa_result,7737bf14ff8364aacaf955d4c9e7c356781077a8;size=15,1,0.659931,0.138156,0.138101,0.0599945,0
epa_result,0c0ef57ad96cfe9bc432938cab03f5cf6d5d7d4f;size=21,1,0.5037,0.227579,0.147931,0.107185,0.0133476
epa_result,7c430bda8afec12d16173836aeb6f50fb29a86ad;size=39,1,0.64843,0.0988509,0.0936921,0.0818771,0.0219861
epa_result,fea64c241fd4f8ad6373f16d680a9562b10ea1e8;size=68,1,0.451388,0.171652,0.131746,0.131714,0.111566
epa_result,b7c2bb4e24f0589aefaac376d1fc0bf7e8331f57;size=77,1,0.362919,0.352671,0.276151,0,0
epa_result,b860cba60e9365a60a1b008c8c1137b8471b1867;size=15,1,0.525639,0.242886,0.129119,0.0947037,0
epa_result,fee4ebcbdcb91d7a69c870339f00b9613d2c78c1;size=26,1,0.368065,0.250181,0.175404,0.0938414,0.0612877
epa_result,24d6c07d2ea06cd2fbd6e53646dc62b970498d6f;size=882,1,0.374876,0.295922,0.252696,0.046002,0.0303829
epa_result,b331d043a3edbcddc98396c43f04a6d82f35b24c;size=69,1,0.351547,0.201279,0.156538,0.149623,0.0590644
epa_result,c4ed9d26de8e54446108ca16277b59d564bc80b1;size=10,1,0.374837,0.372865,0.24817,0,0
epa_result,8a4234ac12e9ce84646e67c84401502c07431d17;size=135,1,0.405589,0.223064,0.211963,0.0775317,0.074487
epa_result,596a42bb0b98e874a57820012ab38a9d88fb973a;size=136,1,0.514658,0.266264,0.171144,0.0148576,0.0148291
epa_result,6abbcda265134239d68bf85d20883982dbb3e92a;size=409,1,0.406758,0.403182,0.164318,0.022227,0
epa_result,237ecdcf967be521010f8aa5b49628cdbbd37daf;size=190,1,0.623416,0.187581,0.157726,0.0221951,0
epa_result,8862c99712f45293b2bfb669d07f076d19eccfcf;size=111,1,0.466026,0.366876,0.166973,0,0
epa_result,850982e6008bd33a2f0bbbdbc4ad81186fbd749f;size=501,1,0.586699,0.255894,0.155996,0,0
epa_result,5ec79956ff98687c50bf5a971a5de493c55ccd1f;size=593,1,0.531385,0.301884,0.154227,0.0115239,0
epa_result,d20273b6a29d31007d26b94ee5c8917075a9b961;size=1012,1,0.394423,0.324123,0.150384,0.0693118,0.0568676
epa_result,9495787b1c190fc2cffe424279df63756def2fcd;size=10,1,0.371072,0.367834,0.2593,0,0
epa_result,7c8dbe02f1943f230c229c154aa5e4fccec96303;size=10,1,0.29693,0.217174,0.217043,0.21024,0.0521595
epa_result,886b3df1ba67adaf35aea2c26724dd4eb6300f34;size=17,1,0.335187,0.334751,0.330062,0,0
epa_result,914cd80dc4e2fb2a32d5a1071d3472d243be29c4;size=32,1,0.334941,0.334896,0.330163,0,0
epa_result,807a822ed9206b28013b811d64ce4601e8881ee5;size=12,1,0.365555,0.365381,0.15662,0.112388,0
epa_result,3bad53e06cf81280655f2080ba39a3781e2bc978;size=25,1,0.323089,0.323072,0.317681,0.0361585,0
epa_result,de84580d93456d87cf8a84169abc5f231ccc9462;size=15,1,0.443306,0.443277,0.113251,0,0
epa_result,9645d4f65a0d614ac5f786f34feab33fc9f4c3aa;size=120,1,0.36119,0.306023,0.305491,0.0272958,0
epa_result,a5971bf1174a65b90a0a7a52c9834b8b4d3016e3;size=17,1,0.330005,0.327347,0.230074,0.0940195,0.0185545
epa_result,1f89c5a9253bbc913be0980da61089ce7fc44e9d;size=18,1,0.461716,0.460671,0.0760067,0,0
epa_result,d50543ab634c97fc8c33cb6cbe6db0c40a342649;size=15,1,0.479941,0.330319,0.130176,0.0368534,0.0113629
epa_result,c5ac533b544cb68cfce1b151211d8854f7f21ef2;size=26,1,0.521397,0.384364,0.0270028,0.0247037,0.0246526
epa_result,227ae6380411722106c07ec83123180319213dd7;size=22,1,0.464216,0.294279,0.209409,0.0319902,0
epa_result,b07fa6d14baca42f94ccee2dd237ef8560d925ed;size=543,1,0.408859,0.236226,0.147506,0.147028,0.0603808
epa_result,26ef0258183434417bde274127cc25968a57d78e;size=296,1,0.400457,0.268048,0.267709,0.0319814,0.0318045
epa_result,a793184ea080027c002e8d58261dacfb91de4960;size=59,1,0.332182,0.330357,0.328854,0,0
epa_result,1df7ff426bdef622d75db6a3fc6b91b8d1433e4c;size=14,1,0.67378,0.190513,0.135707,0,0
epa_result,5b4226f969233e2eabb8a80647ee6c9d94881a26;size=1152,1,0.518866,0.148913,0.148558,0.0884702,0.077025
epa_result,aa6ae9800051cab3a25c278d3cb0e9ad70ee513f;size=230,1,0.327777,0.302723,0.148021,0.125217,0.0946582
epa_result,61f41eab4b90cb15d402557da578cadb6729eb34;size=729,1,0.334591,0.333555,0.331854,0,0
epa_result,ba64a0cc65f6b1d0929c96d0e4966d597b7c4960;size=106,1,0.237537,0.234856,0.156625,0.109127,0.0935644
epa_result,db08957d74b48c3f8ae7dec6b9593908ec841ed3;size=84,1,0.325353,0.295265,0.169035,0.141495,0.0685939
epa_result,6f5c6bc6b82e47a44d875927cb5f1e9e5087d109;size=12,1,0.46588,0.167068,0.166968,0.163721,0.0359457
epa_result,852457a230df45d296f72a6abec2958ea6500b78;size=42,1,0.34639,0.271059,0.257402,0.112839,0.0117713
epa_result,e05faecd11bd4b7e3c01cdadb96fd6d9b18e75bc;size=291,1,0.402366,0.283739,0.206055,0.0731578,0.0332144
epa_result,5e6c16cad6f03cc84d123c15791886c840a615b7;size=17,1,0.655728,0.172101,0.172029,0,0
epa_result,e605d43cec00028976ab4218804aadc18d010798;size=29,1,0.358955,0.356964,0.0950824,0.0947379,0.0932101
epa_result,f3a45e410678e75d3c227feba4f921459bcb319a;size=91,1,0.323565,0.320815,0.165365,0.162276,0.0279792
epa_result,ed1a7516439b92d344e8a327245345bc45a92446;size=228,1,0.390625,0.390162,0.219213,0,0
epa_result,e3c2c04f43af9e82f9c28c73f93b6d124c047f97;size=244,1,0.481575,0.20251,0.147891,0.147741,0.0192349
epa_result,f13065ff165a968ceef6d2de912dc5a2d6fa05e2;size=94,1,0.672503,0.115814,0.114638,0.0969595,0
epa_result,e35ff2dfe297c7b5d9a68a238e484b62a8ce0d7e;size=355,1,0.434204,0.369247,0.129306,0.0656801,0
epa_result,d3684c0235541d88c8e960983cb0791763159471;size=57,1,0.591859,0.404874,0,0,0
epa_result,d7a1f974589b1b03903bfd4e8b1bd539d3f9f02c;size=633,1,0.344852,0.284712,0.217119,0.0555996,0.0482443
epa_result,da469bcd0540b2d27c3eb4e114d25499a50e7bdb;size=404,1,0.382571,0.382455,0.234974,0,0
epa_result,6b07d4e72f1293e0b304f262a1528ba58f2682ab;size=86,1,0.444369,0.443966,0.111403,0,0
epa_result,529d5e805509dfa72ec0de10d7176cf941c768bf;size=48,1,0.544238,0.439519,0.014173,0,0
epa_result,3e477e96cbe6aa6443cbb5bcbc0295655abc1bb4;size=13,1,0.38971,0.388265,0.218668,0,0
epa_result,94cbacfa6b0d1903b46a6c70e786fef6926688e4;size=27,1,0.622524,0.185726,0.185345,0,0
epa_result,38e27f7180a54a71451ec1d4289ff56e5a905301;size=101,1,0.490403,0.373838,0.135759,0,0
epa_result,697635f07f6f25baa3be65584e2a5556c37b1682;size=18,1,0.4521,0.392314,0.0815312,0.0667828,0
